{
    "shows": [
      {
        "title": "Atlanta",
        "year": "2008–2013",
        "description": "Two cousins, with different views on art versus commerce, on their way up through the Atlanta rap scene; \"Earnest 'Earn' Marks,\" an ambitious college drop-out and his estranged cousin, who suddenly becomes a star.",
        "poster": "a.jpg",
        "imdbID": "tt4288182",
        "trailer": "MpEdJ-mmTlY"
      },
      {
        "title": "Billions",
        "year": "2016–",
        "description": "U.S. Attorney Chuck Rhoades goes after hedge fund king, Bobby \"Axe\" Axelrod in a battle between two powerful New York figures.",
        "poster": "b.jpg",
        "imdbID": "tt4270492",
        "trailer": "_raEUMLL-ZI"
      },
      {
        "title": "Black Mirror",
        "year": "2011–",
        "description": "A television anthology series that shows the dark side of life and technology.",
        "poster": "bm.jpg",
        "imdbID": "tt2085059",
        "trailer": "jDiYGjp5iFg"
      },
      {
        "title": "Breaking Bad",
        "year": "2008–2013",
        "description": "A high school chemistry teacher diagnosed with inoperable lung cancer turns to manufacturing and selling methamphetamine in order to secure his family's future.",
        "poster": "bb.jpg",
        "imdbID": "tt0903747",
        "trailer": "XZ8daibM3AE"
      },
      {
        "title": "Game of Thrones",
        "year": "2011–",
        "description": "Nine noble families fight for control over the mythical lands of Westeros, while a forgotten race returns after being dormant for thousands of years.",
        "poster": "got.jpg",
        "imdbID": "tt0944947",
        "trailer": "giYeaKsXnsI"
      }
  
    ]
  }