{
  "login": [
    {
      "name": "Shyam Sundar",
      "email": "Shyam@gmail.com",
      "mobile": "789546123",
      "date": "1998-05-20",
      "address": "Vanarashi",
      "company": "BaseApp",
      "pass": "123456",
      "id": 3
    },
    {
      "name": "a",
      "email": "Anil@gmail.com",
      "mobile": "123",
      "date": "2021-09-04",
      "address": "Mamura",
      "company": "cds",
      "pass": "123",
      "id": 4
    },
    {
      "name": "b",
      "email": "b@gmail.com",
      "mobile": "123",
      "date": "2021-09-04",
      "address": "Mamura",
      "company": "cds",
      "pass": "123",
      "id": 5
    },
    {
      "name": "c",
      "email": "c@gmail.com",
      "mobile": "123",
      "date": "2021-09-04",
      "address": "Mamura",
      "company": "cds",
      "pass": "123",
      "id": 6
    },
    {
      "name": "d",
      "email": "e@gmail.com",
      "mobile": "123",
      "date": "2021-09-04",
      "address": "Mamura",
      "company": "cds",
      "pass": "123",
      "id": 7
    }
  ]
}